# Copyright (C) 1991-2013 Altera Corporation
# Your use of Altera Corporation's design tools, logic functions 
# and other software and tools, and its AMPP partner logic 
# functions, and any output files from any of the foregoing 
# (including device programming or simulation files), and any 
# associated documentation or information are expressly subject 
# to the terms and conditions of the Altera Program License 
# Subscription Agreement, Altera MegaCore Function License 
# Agreement, or other applicable license agreement, including, 
# without limitation, that your use is for the sole purpose of 
# programming logic devices manufactured by Altera and sold by 
# Altera or its authorized distributors.  Please refer to the 
# applicable agreement for further details.

# Quartus II 64-Bit Version 13.0.1 Build 232 06/12/2013 Service Pack 1 SJ Full Version
# File: D:\Users\eladgros\Desktop\ProjectStartA.csv
# Generated on: Fri Jun 07 09:53:35 2019

# Note: The column header names should not be changed if you wish to import this .csv file into the Quartus II software.

To,Direction,Location,I/O Bank,VREF Group,I/O Standard,Reserved,Current Strength,Differential Pair
clk_50mhz,Unknown,PIN_L1,2,B2_N1,,,16mA,
key0,Unknown,PIN_R22,6,B6_N0,,,16mA,
key1,Unknown,PIN_R21,6,B6_N0,,,16mA,
key2,Unknown,PIN_T22,6,B6_N0,,,16mA,
key3,Unknown,PIN_T21,6,B6_N0,,,16mA,
hex0[0],Unknown,PIN_J2,2,B2_N1,,,16mA,
hex0[1],Unknown,PIN_J1,2,B2_N1,,,16mA,
hex0[2],Unknown,PIN_H2,2,B2_N1,,,16mA,
hex0[3],Unknown,PIN_H1,2,B2_N1,,,16mA,
hex0[4],Unknown,PIN_F2,2,B2_N1,,,16mA,
hex0[5],Unknown,PIN_F1,2,B2_N1,,,16mA,
hex0[6],Unknown,PIN_E2,2,B2_N1,,,16mA,
hex1[0],Unknown,PIN_E1,2,B2_N1,,,16mA,
hex1[1],Unknown,PIN_H6,2,B2_N0,,,16mA,
hex1[2],Unknown,PIN_H5,2,B2_N0,,,16mA,
hex1[3],Unknown,PIN_H4,2,B2_N0,,,16mA,
hex1[4],Unknown,PIN_G3,2,B2_N0,,,16mA,
hex1[5],Unknown,PIN_D2,2,B2_N0,,,16mA,
hex1[6],Unknown,PIN_D1,2,B2_N0,,,16mA,
hex2[0],Unknown,PIN_G5,2,B2_N0,,,16mA,
hex2[1],Unknown,PIN_G6,2,B2_N0,,,16mA,
hex2[2],Unknown,PIN_C2,2,B2_N0,,,16mA,
hex2[3],Unknown,PIN_C1,2,B2_N0,,,16mA,
hex2[4],Unknown,PIN_E3,2,B2_N0,,,16mA,
hex2[5],Unknown,PIN_E4,2,B2_N0,,,16mA,
hex2[6],Unknown,PIN_D3,2,B2_N0,,,16mA,
hex3[0],Unknown,PIN_F4,2,B2_N0,,,16mA,
hex3[1],Unknown,PIN_D5,2,B2_N0,,,16mA,
hex3[2],Unknown,PIN_D6,2,B2_N0,,,16mA,
hex3[3],Unknown,PIN_J4,2,B2_N1,,,16mA,
hex3[4],Unknown,PIN_L8,2,B2_N1,,,16mA,
hex3[5],Unknown,PIN_F3,2,B2_N0,,,16mA,
hex3[6],Unknown,PIN_D4,2,B2_N0,,,16mA,
rst_in,Unknown,PIN_L2,2,B2_N1,,,16mA,
sw[0],Unknown,PIN_L22,5,B5_N1,,,16mA,
sw[1],Unknown,PIN_L21,5,B5_N1,,,16mA,
sw[2],Unknown,PIN_M22,6,B6_N0,,,16mA,
sw[3],Unknown,PIN_V12,7,B7_N1,,,16mA,
sw[4],Unknown,PIN_W12,7,B7_N1,,,16mA,
green_leds[0],Unknown,PIN_U22,6,B6_N1,,,16mA,
green_leds[1],Unknown,PIN_U21,6,B6_N1,,,16mA,
green_leds[2],Unknown,PIN_V22,6,B6_N1,,,16mA,
green_leds[3],Unknown,PIN_V21,6,B6_N1,,,16mA,
green_leds[4],Unknown,PIN_W22,6,B6_N1,,,16mA,
green_leds[5],Unknown,PIN_W21,6,B6_N1,,,16mA,
green_leds[6],Unknown,PIN_Y22,6,B6_N1,,,16mA,
green_leds[7],Unknown,PIN_Y21,6,B6_N1,,,16mA,
