# Copyright (C) 1991-2013 Altera Corporation
# Your use of Altera Corporation's design tools, logic functions 
# and other software and tools, and its AMPP partner logic 
# functions, and any output files from any of the foregoing 
# (including device programming or simulation files), and any 
# associated documentation or information are expressly subject 
# to the terms and conditions of the Altera Program License 
# Subscription Agreement, Altera MegaCore Function License 
# Agreement, or other applicable license agreement, including, 
# without limitation, that your use is for the sole purpose of 
# programming logic devices manufactured by Altera and sold by 
# Altera or its authorized distributors.  Please refer to the 
# applicable agreement for further details.

# Quartus II 64-Bit Version 13.0.1 Build 232 06/12/2013 Service Pack 1 SJ Full Version
# File: D:\Users\eladgros\Downloads\ProjectStartVHDLFiles\ProjectStartVHDLFiles\ProjectStartA.csv
# Generated on: Mon Jun 03 18:40:02 2019

# Note: The column header names should not be changed if you wish to import this .csv file into the Quartus II software.

To,Direction,Location,I/O Bank,VREF Group,I/O Standard,Reserved,Current Strength,Differential Pair
clk_50mhz,Input,PIN_L1,2,B2_N1,,,16mA,
green_leds[7],Output,PIN_Y21,6,B6_N1,,,16mA,
green_leds[6],Output,PIN_Y22,6,B6_N1,,,16mA,
green_leds[5],Output,PIN_W21,6,B6_N1,,,16mA,
green_leds[4],Output,PIN_W22,6,B6_N1,,,16mA,
green_leds[3],Output,PIN_V21,6,B6_N1,,,16mA,
green_leds[2],Output,PIN_V22,6,B6_N1,,,16mA,
green_leds[1],Output,PIN_U21,6,B6_N1,,,16mA,
green_leds[0],Output,PIN_U22,6,B6_N1,,,16mA,
hex0[6],Output,PIN_E2,2,B2_N1,,,16mA,
hex0[5],Output,PIN_F1,2,B2_N1,,,16mA,
hex0[4],Output,PIN_F2,2,B2_N1,,,16mA,
hex0[3],Output,PIN_H1,2,B2_N1,,,16mA,
hex0[2],Output,PIN_H2,2,B2_N1,,,16mA,
hex0[1],Output,PIN_J1,2,B2_N1,,,16mA,
hex0[0],Output,PIN_J2,2,B2_N1,,,16mA,
hex1[6],Output,PIN_D1,2,B2_N0,,,16mA,
hex1[5],Output,PIN_D2,2,B2_N0,,,16mA,
hex1[4],Output,PIN_G3,2,B2_N0,,,16mA,
hex1[3],Output,PIN_H4,2,B2_N0,,,16mA,
hex1[2],Output,PIN_H5,2,B2_N0,,,16mA,
hex1[1],Output,PIN_H6,2,B2_N0,,,16mA,
hex1[0],Output,PIN_E1,2,B2_N1,,,16mA,
hex2[6],Output,PIN_D3,2,B2_N0,,,16mA,
hex2[5],Output,PIN_E4,2,B2_N0,,,16mA,
hex2[4],Output,PIN_E3,2,B2_N0,,,16mA,
hex2[3],Output,PIN_C1,2,B2_N0,,,16mA,
hex2[2],Output,PIN_C2,2,B2_N0,,,16mA,
hex2[1],Output,PIN_G6,2,B2_N0,,,16mA,
hex2[0],Output,PIN_G5,2,B2_N0,,,16mA,
hex3[6],Output,PIN_D4,2,B2_N0,,,16mA,
hex3[5],Output,PIN_F3,2,B2_N0,,,16mA,
hex3[4],Output,PIN_L8,2,B2_N1,,,16mA,
hex3[3],Output,PIN_J4,2,B2_N1,,,16mA,
hex3[2],Output,PIN_D6,2,B2_N0,,,16mA,
hex3[1],Output,PIN_D5,2,B2_N0,,,16mA,
hex3[0],Output,PIN_F4,2,B2_N0,,,16mA,
key0,Input,PIN_R22,6,B6_N0,,,16mA,
key1,Input,PIN_R21,6,B6_N0,,,16mA,
key2,Input,PIN_T22,6,B6_N0,,,16mA,
key3,Input,PIN_T21,6,B6_N0,,,16mA,
rst_in,Input,PIN_L2,2,B2_N1,,,16mA,
sw[4],Input,PIN_W12,7,B7_N1,,,16mA,
sw[3],Input,PIN_V12,7,B7_N1,,,16mA,
sw[2],Input,PIN_M22,6,B6_N0,,,16mA,
sw[1],Input,PIN_L21,5,B5_N1,,,16mA,
sw[0],Input,PIN_L22,5,B5_N1,,,16mA,
