<?xml version="1.0" ?>
<LOG_ROOT>
	<PROJECT NAME="ProjectStartA_top">
		<CBX_INST_ENTRY INSTANCE_NAME="|ProjectStartA_top|MIPSPipelined:MIPSPipelined0|dmemory:MEM|altsyncram:data_memory" CBX_FILE_NAME="altsyncram_pmp3.tdf"/>
		<CBX_INST_ENTRY INSTANCE_NAME="|ProjectStartA_top|pwm_generator:pwm|lpm_divide:Div0" CBX_FILE_NAME="lpm_divide_nto.tdf"/>
		<CBX_INST_ENTRY INSTANCE_NAME="|ProjectStartA_top|sine_generator:sine|lpm_divide:Div0" CBX_FILE_NAME="lpm_divide_nto.tdf"/>
		<CBX_INST_ENTRY INSTANCE_NAME="|ProjectStartA_top|sine_generator:sine|lpm_mult:Mult0" CBX_FILE_NAME="mult_97t.tdf"/>
		<CBX_INST_ENTRY INSTANCE_NAME="|ProjectStartA_top|MIPSPipelined:MIPSPipelined0|Execute:EXE|lpm_mult:Mult0" CBX_FILE_NAME="mult_i1t.tdf"/>
		<CBX_INST_ENTRY INSTANCE_NAME="|ProjectStartA_top|MIPSPipelined:MIPSPipelined0|Ifetch:IFE|altsyncram:inst_memory" CBX_FILE_NAME="altsyncram_gkn3.tdf"/>
		<CBX_INST_ENTRY INSTANCE_NAME="|ProjectStartA_top|sawtooth_generator:sawtooth|lpm_divide:Div1" CBX_FILE_NAME="lpm_divide_nto.tdf"/>
		<CBX_INST_ENTRY INSTANCE_NAME="|ProjectStartA_top|triangle_generator:triangle|lpm_divide:Div1" CBX_FILE_NAME="lpm_divide_nto.tdf"/>
	</PROJECT>
</LOG_ROOT>
